{"cameraMode":{"drawMode":0,"name":"Shaded","section":"Shading Mode"},"sceneLighting":true,"audioPlay":false,"sceneViewState":{"showFog":true,"showMaterialUpdate":false,"showSkybox":true,"showFlares":true,"showImageEffects":true,"showParticleSystems":true},"in2DMode":false,"pivot":{"x":172.7315673828125,"y":-69.98169708251953,"z":192.09164428710938},"rotation":{"x":-0.2515518367290497,"y":-0.16823945939540864,"z":0.04445160925388336,"w":-0.9520720839500427},"size":202.7452392578125,"orthographic":false}