{"cameraMode":{"drawMode":0,"name":"Shaded","section":"Shading Mode"},"sceneLighting":true,"audioPlay":false,"sceneViewState":{"showFog":true,"showMaterialUpdate":false,"showSkybox":true,"showFlares":true,"showImageEffects":true,"showParticleSystems":true},"in2DMode":false,"pivot":{"x":119.31599426269531,"y":43.6164665222168,"z":91.16903686523438},"rotation":{"x":-0.08906874805688858,"y":-0.8790484666824341,"z":0.18131646513938905,"w":-0.43181589245796206},"size":66.76214599609375,"orthographic":false}